Date,open,high,low,close,EMA_50,EMA_200,EMA_5,EMA_15,returns,regime_label,signal,position,trade_return,z_score
2025-10-27 12:40:00+05:30,25977.25,25980.69921875,25969.80078125,25974.30078125,25948.792186371204,25895.80262124377,25977.75713206378,25977.873043251548,-0.0001404436304528,-1,-1,-1.0,0.0036069605373039984,1.7787902410984682
2025-10-27 14:15:00+05:30,25939.30078125,25984.099609375,25938.05078125,25983.150390625,25952.16960226845,25906.14091753484,25960.819981800298,25957.14641569087,0.0017213944763574,0,1,1.0,-0.00034070635623763333,0.1520527850745721
2025-10-27 14:45:00+05:30,25967.19921875,25971.400390625,25929.349609375,25929.849609375,25955.04872607444,25909.648344657067,25956.73522741886,25960.56809156927,-0.0014326298426566,0,-1,-1.0,-0.002051359455981577,0.9887501805021315
2025-10-27 15:10:00+05:30,25970.19921875,25970.650390625,25961.69921875,25963.80078125,25955.59923798252,25911.99912533892,25960.238602479032,25959.71548905864,-0.0001963737123363,-1,1,1.0,-0.0013093470415935181,0.6258245501763027
2025-10-28 09:15:00+05:30,25937.099609375,26004.05078125,25937.099609375,25968.099609375,25973.76539862258,25966.84765543579,25972.033203125004,25973.26245117186,-0.0002271652662277,0,-1,-1.0,0.000165570062766174,0.09557203214306442
2025-10-28 09:25:00+05:30,25971.849609375,25988.849609375,25956.099609375,25988.849609375,25974.26591463584,25967.11093018521,25977.48676215278,25975.00162887572,0.0006738194303803,0,1,1.0,-0.0007990573169439337,0.37623678536784305
2025-10-28 09:55:00+05:30,25973.400390625,25981.900390625,25956.05078125,25970.30078125,25980.279282770283,25969.23630002641,25987.983346788795,25988.122223164333,-4.421923052222443e-05,0,-1,-1.0,-0.0007137225542414486,0.33449870667539194
2025-10-28 12:35:00+05:30,25872.80078125,25905.599609375,25872.25,25899.69921875,25901.14977590999,25942.985337351907,25875.72367631697,25869.510280906943,0.0009952094974872,0,1,1.0,0.002718550050485854,1.344259861734858
2025-10-28 13:45:00+05:30,25878.94921875,25901.69921875,25869.5,25882.0,25910.718005974813,25940.58689714262,25904.84083369513,25911.418025872284,9.275223192140024e-05,0,-1,-1.0,-0.000683375455464236,0.3196556397148976
2025-10-28 15:00:00+05:30,25852.69921875,25921.150390625,25852.69921875,25920.150390625,25884.545073981088,25928.417009368244,25865.30513967778,25860.93045855884,0.0026904900582953,-1,1,1.0,-0.0014740124652267985,0.7063640418427101
2025-10-29 13:55:00+05:30,26076.75,26079.0,26058.400390625,26060.400390625,26047.09845334765,25997.03796929233,26071.24944707873,26071.802796824264,-0.0006116354086718,0,-1,-1.0,0.005410848235306794,2.661089603130825
2025-10-29 15:20:00+05:30,26054.900390625,26070.69921875,26050.80078125,26065.94921875,26048.45120131354,26005.33363375817,26052.876220937585,26051.86657313821,0.000447083097635,-1,1,1.0,-0.00021292182935900487,0.08955210575432
2025-10-30 09:15:00+05:30,26006.400390625,26028.30078125,25965.5,25985.150390625,26065.036331384017,26060.138870449977,26040.583984375004,26057.90698242186,-0.0031897127213142,0,-1,-1.0,-0.0030997846058442805,1.5015453184071672
2025-10-30 11:15:00+05:30,25956.30078125,25962.900390625,25947.25,25955.05078125,25984.53216954694,26033.42765799732,25943.975691051484,25940.642845132305,-4.040777084324265e-05,0,1,1.0,0.0011583388559436403,0.5811450940558984
2025-10-30 11:40:00+05:30,25936.80078125,25938.400390625,25930.69921875,25931.80078125,25977.62182991608,26029.211901147413,25940.791632283534,25942.60902313274,-0.0001715444117789,-1,-1,-1.0,-0.0008957794070969749,0.42354451884312955
2025-10-30 13:15:00+05:30,25924.0,25932.150390625,25914.55078125,25925.80078125,25944.693090071272,26009.55332372576,25919.05817429248,25918.5727039234,0.0001060831930317,0,1,1.0,0.0002313761412334427,0.12775843771243842
2025-10-30 13:20:00+05:30,25926.0,25932.349609375,25902.099609375,25905.349609375,25943.15020847534,26008.516470846647,25914.48865265332,25916.919817104845,-0.0007888347228908,-1,-1,-1.0,-0.0007888347228908219,0.3712368132402199
2025-10-30 14:40:00+05:30,25885.55078125,25909.69921875,25884.650390625,25904.599609375,25916.156510953017,25990.32407335888,25892.50864765341,25891.42259982429,0.0007108185512096,-1,1,1.0,2.8951549054894023e-05,0.028750562257368523
2025-10-30 14:45:00+05:30,25904.80078125,25911.75,25875.900390625,25881.150390625,25914.783721920547,25989.237768058047,25888.72256197728,25890.13857367438,-0.0009052144832809,0,-1,-1.0,-0.0009052144832809388,0.4281593081712317
2025-10-30 15:25:00+05:30,25882.400390625,25893.94921875,25882.0,25891.19921875,25903.70483515446,25980.34664653624,25882.51943767013,25881.26362730937,0.0002936071292127,0,1,1.0,-0.00038826821734477514,0.17531576300738005
2025-10-31 09:15:00+05:30,25863.80078125,25875.900390625,25822.19921875,25862.25,25890.06634885288,25901.399606395986,25881.549479166668,25887.580566406235,-0.0011181103859042,0,-1,-1.0,-0.0011181103859042353,0.5322888054075647
2025-10-31 09:25:00+05:30,25894.05078125,25927.150390625,25891.75,25914.44921875,25891.18208399492,25901.459521045577,25895.349681712967,25891.67417144774,0.0007781031691185,0,1,1.0,-0.0020183556631770245,0.9726076981467472
2025-10-31 10:05:00+05:30,25889.5,25892.150390625,25866.400390625,25873.650390625,25898.37056915172,25902.800174925826,25900.14482253131,25905.53275891287,-0.0006527628851078,0,-1,-1.0,-0.0015743660141339464,0.7554479578073735
2025-10-31 11:55:00+05:30,25817.900390625,25819.44921875,25809.5,25819.0,25843.908239873723,25883.995323775427,25808.351020217044,25807.87715990169,3.101615427225646e-05,1,1,1.0,0.0021122025612899946,1.047689291693419
2025-10-31 12:20:00+05:30,25810.599609375,25811.400390625,25788.69921875,25791.05078125,25837.51606060026,25880.344054203822,25803.91865286809,25807.532986423463,-0.0007477166492153,1,-1,-1.0,-0.0010825058580890042,0.5148742777672787
2025-10-31 13:05:00+05:30,25811.650390625,25816.400390625,25806.0,25812.19921875,25825.24562296652,25873.119882630974,25803.41179505092,25801.311107931404,6.386680834413738e-05,1,1,1.0,-0.0008199913093643644,0.3864758086605822
2025-10-31 13:20:00+05:30,25808.349609375,25809.599609375,25791.0,25791.900390625,25822.355230279885,25870.952122212893,25799.96655906601,25800.68414509004,-0.0005986363955943,1,-1,-1.0,-0.0007864044420614466,0.37004813878576726
2025-11-03 09:45:00+05:30,25722.5,25753.099609375,25721.900390625,25751.44921875,25724.31314817087,25729.74527322269,25719.496297367976,25715.812560228645,0.0010962541183558,1,1,1.0,0.0015683672494991273,0.7816940475465706
2025-11-03 10:15:00+05:30,25711.849609375,25729.099609375,25695.349609375,25714.05078125,25724.84765270074,25729.61833971548,25719.28391490953,25720.63960451596,6.61616655359687e-05,1,-1,-1.0,-0.0014522847697740313,0.6957368105257968
2025-11-03 10:25:00+05:30,25724.05078125,25730.349609375,25712.150390625,25729.30078125,25724.975261645803,25729.555887964816,25723.58191357091,25722.04600213917,0.000221631962928,1,1,1.0,-0.000593060973929471,0.2754819311583005
2025-11-03 11:40:00+05:30,25736.5,25736.75,25723.849609375,25726.099609375,25736.13803007061,25732.42895247872,25740.834428318834,25744.27827950174,-0.0003924281627273,1,-1,-1.0,-0.00012441736766250663,0.046263695850370136
2025-11-03 12:45:00+05:30,25732.5,25744.150390625,25727.900390625,25742.25,25730.03340073756,25731.0062878297,25728.59693063348,25726.406201664475,0.000351716130321,1,1,1.0,-0.000627782324962877,0.2924644882762371
2025-11-03 14:50:00+05:30,25745.25,25762.099609375,25736.55078125,25758.349609375,25750.925212674458,25737.71337256039,25764.349643233203,25765.190644599345,0.0004699561829393,1,-1,-1.0,0.0006254157804776194,0.3204871329108788
2025-11-03 15:15:00+05:30,25765.599609375,25774.25,25765.349609375,25769.900390625,25753.071149498857,25738.92469697852,25765.129224173204,25764.330824604986,0.0001533485858198,1,1,1.0,-0.00044842862315200435,0.20474081409126618
2025-11-04 09:15:00+05:30,25744.75,25785.69921875,25744.75,25754.25,25773.51067433664,25770.01342118859,25767.617187500004,25771.79443359373,-0.0007779369620993,1,-1,-1.0,-0.0006073128102075846,0.2824526456156867
2025-11-04 13:40:00+05:30,25682.349609375,25682.349609375,25669.55078125,25674.099609375,25688.576075182697,25734.256583789207,25670.99973536234,25670.2809353477,-0.0002667194781881,1,1,1.0,0.003112122877777454,1.5367602345779747
2025-11-04 13:45:00+05:30,25675.05078125,25677.69921875,25664.75,25665.44921875,25687.66913963632,25733.57193339081,25669.14956315823,25669.676970772987,-0.0003369306326848,1,-1,-1.0,-0.0003369306326848274,0.1502060412414945
2025-11-06 09:15:00+05:30,25604.05078125,25670.25,25596.849609375,25666.69921875,25588.53979024789,25586.99389550457,25612.466145833347,25595.51831054689,0.0031795387054314,1,1,1.0,-4.870360886131724e-05,0.009231345576391162
2025-11-06 10:05:00+05:30,25613.80078125,25617.19921875,25571.400390625,25572.19921875,25598.28123228492,25590.07782200727,25604.01115740036,25609.1827606889,-0.0016455772357215,1,-1,-1.0,-0.003681813512310379,1.7862214284709952
2025-11-06 11:55:00+05:30,25552.19921875,25561.349609375,25547.0,25561.349609375,25567.35909141399,25581.17133770129,25550.28785648485,25549.872477054512,0.0003600174000766,1,1,1.0,0.0004242736137862116,0.22210650447923014
2025-11-06 12:25:00+05:30,25552.349609375,25556.19921875,25542.30078125,25545.75,25564.368021857383,25579.564845010525,25550.72225566192,25551.38150445468,-0.0001976760451949,1,-1,-1.0,-0.0006102811319977649,0.28390448123975714
2025-11-06 12:30:00+05:30,25545.599609375,25564.900390625,25539.44921875,25562.400390625,25564.290859848275,25579.394054419623,25554.61496731628,25552.75886522597,0.0006517871123377,1,1,1.0,-0.0006517871123376687,0.3042054678338616
2025-11-06 13:45:00+05:30,25567.400390625,25573.69921875,25539.650390625,25541.55078125,25570.759845315763,25579.38984007429,25565.297295915872,25572.45093921003,-0.0010129456903744,1,-1,-1.0,-0.0008156358188742942,0.38434549506900906
2025-11-07 12:35:00+05:30,25462.099609375,25474.25,25458.19921875,25471.94921875,25484.92519728173,25512.63594531525,25461.29011023192,25460.129626017413,0.0003985750099604,1,1,1.0,0.0027250327552974726,1.3474306169464312
2025-11-07 14:00:00+05:30,25493.900390625,25496.55078125,25468.25,25469.150390625,25494.57702117652,25511.13989897903,25500.37633134553,25502.098822855383,-0.0009296418059628,1,-1,-1.0,-0.00010987883577200962,0.039152755725840996
2025-11-07 14:25:00+05:30,25516.19921875,25536.650390625,25515.30078125,25533.650390625,25495.061835353907,25510.41450468413,25507.951347196227,25501.24995534741,0.0006799421876915,1,1,1.0,-0.0025324755247329318,1.2240688208991002
2025-11-07 14:55:00+05:30,25495.75,25504.05078125,25484.599609375,25490.19921875,25497.286283624577,25510.158686031955,25500.161945261403,25502.66678729128,-0.0002118165764971,1,-1,-1.0,-0.0017017218928850708,0.817738981077611
2025-11-07 15:25:00+05:30,25499.69921875,25511.75,25496.349609375,25510.80078125,25496.61351994539,25509.19340413636,25500.279290504783,25498.90146326506,0.0004726028236679,1,1,1.0,-0.0008082150446610071,0.3807159208103574
2025-11-10 13:40:00+05:30,25635.599609375,25637.55078125,25607.55078125,25607.55078125,25612.84025577045,25555.33606366021,25626.7182394221,25632.600740341142,-0.0011174994099377,1,-1,-1.0,0.003792511290790589,1.8695449547134553
2025-11-10 14:20:00+05:30,25622.94921875,25643.849609375,25615.44921875,25642.849609375,25614.281904543568,25560.110273353228,25626.40850291899,25624.51382848678,0.0007903179345076,1,1,1.0,-0.0013784538953583178,0.659625397677094
2025-11-10 14:40:00+05:30,25628.400390625,25631.44921875,25601.150390625,25602.75,25615.66801339035,25562.6168746895,25620.393674187708,25623.659525644656,-0.0010339748529512,1,-1,-1.0,-0.001563773526961669,0.7502670672869806
2025-11-11 11:40:00+05:30,25484.650390625,25499.349609375,25483.400390625,25496.599609375,25514.55262258316,25552.33859583372,25483.81405336708,25483.51425445339,0.0004806871741978,1,1,1.0,0.004146054256866938,2.0424663254648325
2025-11-13 09:55:00+05:30,25865.25,25880.0,25858.80078125,25877.650390625,25869.87209799657,25864.063697308287,25868.19379320432,25865.97663703641,0.0004910572902185,-1,1,1.0,0.00027043054066263483,0.1468603317710782
2025-11-13 12:35:00+05:30,25963.849609375,25964.900390625,25942.05078125,25949.849609375,25934.223345358387,25888.38082956616,25966.57185693196,25967.454639393705,-0.0004968807474169,-1,-1,-1.0,0.0027900221874918156,1.3792175927251336
2025-11-13 13:00:00+05:30,25970.44921875,25989.400390625,25970.44921875,25983.69921875,25938.948335803827,25891.86217382924,25966.917271926228,25964.783306696205,0.0005390898016213,0,1,1.0,-0.0013044241059019866,0.6234166935094084
2025-11-13 13:55:00+05:30,25975.849609375,25979.30078125,25928.44921875,25929.150390625,25952.65001682882,25900.83693369424,25965.6249268608,25972.71788357251,-0.001811228337479,-1,-1,-1.0,-0.0020993480437780476,1.0122218746904879
2025-11-14 10:55:00+05:30,25837.44921875,25852.150390625,25826.19921875,25848.150390625,25839.046178985533,25870.97220738248,25815.152896720105,25807.80319171864,0.0004160635295142,1,1,1.0,0.0031238971882891517,1.5425191666136793
2025-11-14 11:35:00+05:30,25808.5,25815.150390625,25799.05078125,25801.150390625,25835.20249106579,25867.52765386975,25813.101974939185,25816.77057607547,-0.0002886332022173,1,-1,-1.0,-0.0018183119213453151,0.8747643202069255
2025-11-14 12:15:00+05:30,25824.75,25826.150390625,25816.94921875,25826.150390625,25826.6859039186,25862.5939548526,25813.440806428152,25810.057677128352,-9.68001720014211e-06,1,1,1.0,-0.000968949043802477,0.45933251377035245
2025-11-14 12:50:00+05:30,25813.25,25816.400390625,25800.900390625,25803.05078125,25823.62186354861,25859.351482294103,25809.76892458462,25811.663692259044,-0.0004028302227989,1,-1,-1.0,-0.0008944271223397372,0.4228831029579179
2025-11-14 13:25:00+05:30,25805.650390625,25820.19921875,25805.44921875,25818.30078125,25818.27171950148,25855.421760738267,25807.868536238268,25806.586187004497,0.0004301730848783,1,1,1.0,-0.0005910153853234106,0.2744814134852181
2025-11-14 13:35:00+05:30,25805.0,25806.19921875,25765.150390625,25767.150390625,25815.8065032408,25854.057073215143,25793.8918754809,25801.59815245266,-0.0015074135502075,1,-1,-1.0,-0.0019811679729963834,0.9544188300935068
2025-11-14 14:35:00+05:30,25783.55078125,25797.30078125,25782.150390625,25794.25,25799.04730098076,25844.639445568107,25782.84726046013,25780.50868829782,0.0004324689736274,1,1,1.0,-0.0010517115383026521,0.49981247057617667
2025-11-14 14:50:00+05:30,25784.599609375,25791.69921875,25759.099609375,25768.349609375,25796.987200281128,25842.7599439414,25779.578658770595,25780.393168655817,-0.0006592891024373,1,-1,-1.0,-0.001004114894792444,0.4765324802250961
2025-11-14 15:00:00+05:30,25767.599609375,25892.30078125,25767.599609375,25886.25,25799.331504974045,25842.43946315588,25812.18513306471,25792.08391770133,0.0046552751117958,1,1,1.0,-0.004575395491456142,2.2232812360171166
2025-11-17 10:35:00+05:30,25948.099609375,25950.900390625,25930.94921875,25933.80078125,25935.63218936065,25922.84927270516,25945.609098504792,25948.74286614148,-0.000529915139811,-1,-1,-1.0,0.0018369126949635424,0.913042288056375
2025-11-17 11:50:00+05:30,25944.150390625,25957.05078125,25944.150390625,25956.0,25938.184255180386,25925.398494286044,25945.110279873912,25942.835443654072,0.0004876159330031,0,1,1.0,-0.0008559955764775489,0.4040858527556642
2025-11-17 14:45:00+05:30,25981.400390625,25993.0,25977.19921875,25993.0,25976.850865711967,25943.539306876857,25993.49544174266,25993.569052126004,0.000456084861403,-1,-1,-1.0,0.0014254892895669594,0.7118110204400567
2025-11-17 15:00:00+05:30,25996.5,26013.150390625,25990.0,26010.05078125,25979.32014241193,25945.163540917616,25998.789592692272,25995.453768379823,0.000619435021762,0,1,1.0,-0.0006559758877390067,0.30625423942224217
2025-11-18 09:15:00+05:30,26023.599609375,26023.599609375,25930.5,25947.349609375,26011.66975281268,26005.89517423658,25991.983723958336,26005.93188476561,-0.0025736294985585,-1,-1,-1.0,-0.0024106516516376707,1.164483556455386
2025-11-18 11:05:00+05:30,25927.44921875,25932.25,25923.44921875,25930.55078125,25955.807148534062,25988.58420184503,25920.76738758859,25918.803703488866,0.0001003381516235,-1,1,1.0,0.0006474198088783002,0.3312495214129774
2025-11-18 12:35:00+05:30,25949.0,25951.599609375,25930.80078125,25940.25,25954.63261193729,25982.724390858926,25948.84385345794,25950.479990201387,-0.000337199892096,-1,-1,-1.0,0.00037404599816728005,0.19753967957873622
2025-11-18 13:00:00+05:30,25943.55078125,25962.25,25943.55078125,25960.150390625,25952.90505697441,25980.87477803686,25948.946475493954,25948.33554899699,0.0006456362600044,0,1,1.0,-0.0007671626381781209,0.3606367816877581
2025-11-18 14:30:00+05:30,25966.25,25973.69921875,25952.599609375,25962.80078125,25963.4425298586,25979.590479317627,25970.78486237986,25971.402760661025,-0.0001424612000077,0,-1,-1.0,0.00010209457900356142,0.06452554355596751
2025-11-19 09:25:00+05:30,25900.5,25915.55078125,25900.25,25904.5,25893.99783546705,25903.6223720952,25893.88874421297,25893.08692169191,0.0001486298342683,-1,1,1.0,0.0022455505375253686,1.1129111092661192
2025-11-19 09:30:00+05:30,25903.650390625,25916.150390625,25886.0,25886.0,25893.684194860496,25903.44702510918,25891.25916280865,25892.201056480422,-0.0007141616321488,0,-1,-1.0,-0.0007141616321488545,0.3347134640341874
2025-11-19 09:35:00+05:30,25886.75,25912.349609375,25884.599609375,25909.75,25894.314226434595,25903.50974127725,25897.42277520577,25894.39467442037,0.0009174843544772,-1,1,1.0,-0.0009174843544773237,0.43416062385223303
2025-11-19 11:10:00+05:30,25938.55078125,25939.75,25925.599609375,25927.0,25921.83798533728,25910.579246981502,25941.826880162545,25943.84555672067,-0.0004857287531317,0,-1,-1.0,0.0006657725373652775,0.3402260229177779
2025-11-19 11:30:00+05:30,25948.75,25952.19921875,25947.849609375,25949.900390625,25924.91808677001,25911.828498236424,25944.562422894767,25943.647778522205,6.16460163802568e-05,0,1,1.0,-0.0008832641888764608,0.4174232014995494
2025-11-19 13:35:00+05:30,26002.900390625,26004.19921875,25994.30078125,25999.099609375,25976.59147377784,25932.19819039251,26006.705671298543,26008.35575157636,-0.0001192056621412,-1,-1,-1.0,0.001895930928805197,0.9419086915051154
2025-11-19 13:50:00+05:30,26011.150390625,26014.849609375,26009.099609375,26012.05078125,25980.260435348595,25934.466821152,26008.944475523647,26008.65511195691,7.118601762434729e-05,0,1,1.0,-0.0004981392459579618,0.22905477267997837
2025-11-19 13:55:00+05:30,26012.150390625,26017.75,26006.849609375,26006.849609375,25981.303148055515,25935.18704790049,26008.24618680743,26008.42942413417,-0.0001999523958622,-1,-1,-1.0,-0.00019995239586219427,0.08320862721470455
2025-11-19 14:00:00+05:30,26007.25,26016.349609375,25993.400390625,26014.80078125,25982.61678072981,25935.97922435173,26010.43105162162,26009.22584377365,0.0003057337583916,0,1,1.0,-0.00030573375839162563,0.13494734064900732
2025-11-21 11:15:00+05:30,26107.19921875,26108.150390625,26098.650390625,26099.55078125,26133.238057384948,26167.550572208405,26093.47743082246,26093.258885154934,-0.0002738162124634,-1,1,1.0,0.004149448715034672,2.044126588617108
2025-11-21 11:20:00+05:30,26100.44921875,26101.19921875,26087.150390625,26090.19921875,26131.55025979142,26166.780906999866,26092.384693464977,26092.87642685432,-0.0003583035807159,0,-1,-1.0,-0.00035830358071596357,0.1606597620765001
2025-11-21 11:25:00+05:30,26090.150390625,26105.19921875,26081.19921875,26103.0,26130.430641760384,26166.14627110932,26095.92312897665,26094.141873497527,0.0004906356269138,-1,1,1.0,-0.0004906356269139019,0.22538467819303343
2025-11-21 11:30:00+05:30,26103.19921875,26104.19921875,26079.94921875,26085.69921875,26128.676468309,26165.34580292664,26092.515158901107,26093.086541654087,-0.0006627889993486,0,-1,-1.0,-0.0006627889993487338,0.30958659987537507
2025-11-21 11:55:00+05:30,26096.19921875,26098.900390625,26092.19921875,26093.099609375,26121.930453452434,26161.73835782208,26092.478100593464,26092.429536334108,-0.0001226676494049,-1,1,1.0,-0.0002836953137786973,0.12416811883619691
2025-11-21 13:20:00+05:30,26115.849609375,26121.650390625,26108.349609375,26108.400390625,26132.041726118136,26158.652064821363,26129.95325446678,26136.408973735324,-0.0002814244038559,0,-1,-1.0,0.000586391861413911,0.3014001471012672
2025-11-21 14:00:00+05:30,26138.849609375,26138.94921875,26129.55078125,26132.849609375,26129.412879184616,26155.83229241254,26128.3646559599,26128.25073539216,-0.0002199811805502,0,1,1.0,-0.0009364502759341481,0.4434370441195472
2025-11-21 14:45:00+05:30,26126.94921875,26133.44921875,26106.44921875,26106.599609375,26132.40127998098,26154.467698256445,26129.102615257696,26134.30823905466,-0.0008228688776233,-1,-1,-1.0,-0.0010044828785370184,0.47671246472381834
2025-11-24 09:15:00+05:30,26128.30078125,26134.19921875,26082.650390625,26097.25,26065.25513174027,26064.311731388,26075.04947916668,26068.111816406265,0.0012776567729821,-1,1,1.0,0.00035813202465642105,0.18975599731759749
2025-11-24 11:05:00+05:30,26105.400390625,26106.349609375,26098.099609375,26099.75,26092.32666233125,26073.33878421632,26109.55919269573,26111.4858260226,-0.0002106855900633,-1,-1,-1.0,9.579553401220436e-05,0.06144461818381676
2025-11-24 11:30:00+05:30,26122.19921875,26126.0,26118.650390625,26122.19921875,26095.03444012783,26074.97046386871,26112.439636486684,26110.148183901096,-1.532736523113254e-05,0,1,1.0,-0.0008601315625628598,0.40610880456607057
2025-11-24 11:45:00+05:30,26117.30078125,26117.30078125,26096.30078125,26097.650390625,26096.81071632309,26076.033774212752,26109.417516713653,26110.12719522085,-0.0007466358200778,-1,-1,-1.0,-0.0009397688119375238,0.4450601729883241
2025-11-24 13:15:00+05:30,26081.80078125,26091.44921875,26078.19921875,26088.150390625,26087.237658204434,26076.29875902564,26082.91487520684,26082.525347336123,0.0002895171646009,-1,1,1.0,0.0003640174443984683,0.19263461447843855
2025-11-24 13:30:00+05:30,26083.69921875,26083.69921875,26076.19921875,26079.19921875,26086.917721184964,26076.54193992912,26083.00038547796,26083.026540366285,-0.0001629385732062,0,-1,-1.0,-0.0003431125526712956,0.15322967961223938
2025-11-25 09:15:00+05:30,25997.599609375,25997.599609375,25924.55078125,25965.0,25944.217341097068,25957.84806349168,25950.56640625001,25946.055908203143,0.0008345256472654,-1,1,1.0,0.00437893885437613,2.1563724915953606
2025-11-25 10:50:00+05:30,25984.69921875,25990.55078125,25973.05078125,25975.25,25968.90262348696,25963.21211505372,25989.1390529728,25989.73784334336,-0.0003559814504801,0,-1,-1.0,0.0003947621798575005,0.20767216948332648
2025-11-25 11:55:00+05:30,25973.0,25994.75,25972.25,25987.44921875,25964.433405064872,25962.37691773124,25971.974448366032,25967.24160110988,0.0005312625648483,-1,1,1.0,-0.0004696477897229093,0.21511931888904032
2025-11-25 12:20:00+05:30,25964.0,25964.75,25954.349609375,25957.94921875,25966.01260740284,25962.91987456172,25968.914121672693,25969.541634917565,-0.0002503423024782,0,-1,-1.0,-0.0011351633533434936,0.5406295808943504
2025-11-25 12:40:00+05:30,25974.650390625,25990.150390625,25972.900390625,25987.44921875,25966.93415288616,25963.271314395795,25975.00806531497,25971.126220847986,0.0004889062936119,0,1,1.0,-0.0011364534136114072,0.5412605621647609
2025-11-25 14:25:00+05:30,25989.650390625,25992.150390625,25972.099609375,25973.650390625,25985.772070318217,25970.11519206324,25994.00045182342,25998.74257650281,-0.0006636938213276,-1,-1,-1.0,-0.0005309804747995089,0.2451177433889292
2025-11-26 09:15:00+05:30,25842.94921875,25969.05078125,25842.94921875,25969.05078125,25864.58363220557,25873.48718150849,25896.55078125001,25873.894531250025,0.0042052875146312,-1,1,1.0,0.0001770875216161451,0.10120533548385126
2025-11-26 14:50:00+05:30,26175.099609375,26185.5,26159.05078125,26185.349609375,26143.83233904868,26005.10096750285,26182.89435201791,26182.53233760204,0.0003800980539561,0,1,1.0,-0.0003800980539561649,0.17131965507147473
2025-11-27 11:30:00+05:30,26279.25,26280.0,26266.80078125,26270.400390625,26255.885308563626,26204.99425540257,26280.783843776,26282.52744868751,-0.0003443309656027,0,-1,-1.0,0.0032480292422580343,1.6032333852126364
2025-11-27 14:20:00+05:30,26188.05078125,26206.80078125,26185.400390625,26199.900390625,26213.91215838265,26205.63192256649,26187.951969173453,26186.890946183168,0.0004888201229209,0,1,1.0,0.0026836286829171824,1.3271794745459828
2025-11-27 14:55:00+05:30,26177.900390625,26201.30078125,26173.599609375,26186.05078125,26210.199204443445,26205.20523271821,26191.40662888281,26192.891793554805,0.0002635834441544,-1,-1,-1.0,-0.0005286130545731292,0.2439598146787828
2025-11-27 15:00:00+05:30,26185.94921875,26228.19921875,26185.94921875,26212.69921875,26210.29724422017,26205.279799743403,26198.504158838547,26195.36772170421,0.0010176577492579,0,1,1.0,-0.001017657749257902,0.4831564246470243
2025-11-28 10:20:00+05:30,26232.44921875,26233.900390625,26220.849609375,26220.849609375,26228.30908783953,26221.501567786527,26235.60950075177,26236.05783093169,-0.0004498508947543,0,-1,-1.0,0.0003109329015292713,0.16667043812803295
2025-11-28 10:30:00+05:30,26235.80078125,26256.05078125,26234.55078125,26250.75,26229.48640651297,26221.93738706905,26240.78738227857,26237.90981635786,0.0005546070575497,0,1,1.0,-0.0011403288249786313,0.5431560642964626
2025-11-28 11:25:00+05:30,26242.349609375,26247.94921875,26236.75,26243.400390625,26240.301519505705,26225.97345617281,26251.42271391707,26252.87413105116,1.9052772085359493e-05,-1,-1,-1.0,-0.0002799771197013419,0.1223495132400751
2025-12-01 09:15:00+05:30,26319.900390625,26319.900390625,26272.25,26285.30078125,26207.717447916748,26205.36111499244,26231.467447916668,26214.64453125001,0.0030815258263376,-1,1,1.0,-0.001596606765942122,0.7663261300756358
2025-12-01 10:40:00+05:30,26259.75,26268.30078125,26258.099609375,26258.599609375,26243.43190949912,26217.2591848715,26268.08486393433,26269.688420192404,-3.049503180152513e-05,0,-1,-1.0,-0.001015821431803689,0.48225826356962753
2025-12-01 11:35:00+05:30,26260.150390625,26260.69921875,26250.05078125,26257.599609375,26243.257435588675,26219.8640294206,26251.4619969274,26250.86295497773,-6.284987671012487e-05,-1,1,1.0,3.808276202372095e-05,0.0332167290735719
2025-12-01 11:40:00+05:30,26258.849609375,26261.650390625,26208.150390625,26211.75,26242.021849879315,26219.78329280945,26238.22466461827,26245.97383560552,-0.0017461462607811,0,-1,-1.0,-0.001746146260781198,0.8394673799667657
2025-12-01 13:40:00+05:30,26186.150390625,26198.25,26178.80078125,26190.900390625,26203.57863613533,26211.33888146041,26182.51784264304,26182.433339655727,0.0001986264270261,0,1,1.0,0.0007954298883134472,0.4036427190630156
2025-12-01 14:40:00+05:30,26183.400390625,26187.69921875,26171.55078125,26172.5,26201.545764255472,26209.912891436303,26188.437999764203,26193.411395261828,-0.0003952820082384,0,-1,-1.0,-0.0007025489903197982,0.32903360575441176
2025-12-02 11:00:00+05:30,26098.400390625,26100.5,26083.849609375,26098.05078125,26124.142091436588,26161.73012240957,26091.1537566685,26090.441942800604,-5.687652958608069e-06,0,1,1.0,0.002844558935906008,1.4058920572089457
2025-12-02 11:10:00+05:30,26096.5,26097.099609375,26079.30078125,26080.75,26121.40836660487,26160.28421518135,26088.929447408223,26089.92039370672,-0.000613103164187,0,-1,-1.0,-0.000662914690258387,0.3096480765457482
2025-12-02 12:35:00+05:30,26073.75,26085.099609375,26070.05078125,26072.30078125,26093.24628087872,26145.339431129767,26067.736008765467,26066.870112084947,-5.5581523562997504e-05,-1,1,1.0,0.0003239637951362595,0.17304397741702884
2025-12-02 12:40:00+05:30,26072.0,26073.650390625,26059.55078125,26060.599609375,26091.96601925113,26144.49624882375,26065.35720896865,26066.086299246203,-0.0004487970575812,0,-1,-1.0,-0.0004487970575813142,0.2049210190243619
2025-12-02 13:55:00+05:30,26042.5,26060.150390625,26037.900390625,26059.44921875,26069.662319640287,26130.286944094514,26046.699170603104,26046.208719004346,0.0006470018211597,-1,1,1.0,4.414290700303612e-05,0.03618080608069004
2025-12-02 14:20:00+05:30,26044.0,26046.55078125,26031.30078125,26031.849609375,26065.41634609087,26126.20621930046,26042.429608821712,26045.65209224443,-0.0004281530785623,0,-1,-1.0,-0.0010591017923410999,0.5034271171146495
2025-12-02 15:15:00+05:30,26036.400390625,26041.150390625,26027.80078125,26038.599609375,26050.84069945952,26115.59084247159,26030.34552033962,26030.134336257222,7.10384120521379e-05,-1,1,1.0,-0.00025929774876884214,0.11223502784213392
2025-12-03 09:15:00+05:30,26004.900390625,26062.650390625,26004.900390625,26031.69921875,26056.006680267416,26063.498055702672,26048.56640625,26053.83740234373,-0.0009709782879839,-1,-1,-1.0,-0.00026500621110651305,0.11502709338162904
2025-12-03 11:35:00+05:30,25920.349609375,25945.150390625,25919.099609375,25944.69921875,25966.683386736004,26029.90350695192,25923.663623905813,25923.021780361592,0.0009452087845944,-1,1,1.0,0.0033420791808064535,1.6492341428386934
2025-12-03 12:40:00+05:30,25929.05078125,25929.94921875,25916.0,25924.25,25956.593070302395,26019.15468620138,25935.99551372129,25938.062094253484,-0.0002140695679395,0,-1,-1.0,-0.0007881848456821397,0.37091895185269863
2025-12-03 13:05:00+05:30,25940.5,25941.44921875,25930.44921875,25937.80078125,25952.89099493953,26015.100182410886,25937.41189635425,25937.358601240907,-0.0001271660868149,-1,1,1.0,-0.0005227067803311572,0.24107099737521698
2025-12-03 13:15:00+05:30,25938.099609375,25939.94921875,25925.349609375,25930.05078125,25951.46249847648,26013.501775642093,25935.25554768523,25936.59730798132,-0.0003353754035949,-1,-1,-1.0,-0.0002987917158189581,0.13155191878330727
2025-12-03 13:30:00+05:30,25939.650390625,25951.69921875,25938.69921875,25948.94921875,25950.116410694067,26011.310315595485,25939.98847824933,25937.78710112933,0.0003160748532713,0,1,1.0,-0.000728823775141445,0.3418848635745871
2025-12-03 13:45:00+05:30,25928.30078125,25934.900390625,25905.94921875,25911.05078125,25947.637069943143,26008.863950959465,25928.82094957388,25934.268636901583,-0.0007153534340843,-1,-1,-1.0,-0.0014604998907861604,0.6997549076812046
2025-12-03 14:10:00+05:30,25940.69921875,25951.25,25934.80078125,25948.900390625,25944.346784565485,26004.96531256468,25935.15087639708,25932.79663234754,0.0003065104444694,0,1,1.0,-0.0014607516188571206,0.6998780303770685
2025-12-03 14:30:00+05:30,25921.44921875,25937.650390625,25918.44921875,25930.5,25943.171895490043,26002.2863715271,25933.906056603133,25933.97675976964,0.0003491618533215,0,-1,-1.0,-0.0007091009772286082,0.3322382475267836
2025-12-03 14:35:00+05:30,25930.400390625,25937.94921875,25924.150390625,25937.650390625,25942.95536588749,26001.64322743853,25935.15416794376,25934.43596362656,0.0002757521306955,-1,1,1.0,-0.000275752130695513,0.12028302921861204
2025-12-04 09:15:00+05:30,25981.849609375,25985.5,25940.099609375,25950.0,25979.92351607601,25982.940293550462,25970.766927083347,25977.25659179686,-0.0011989611759547,-1,-1,-1.0,0.00047612675739756627,0.2474683912409855
2025-12-04 09:25:00+05:30,25992.650390625,25996.44921875,25973.349609375,25996.349609375,25981.04719743792,25983.16937608796,25984.15747974538,25981.326915740952,0.0001423178742607,-1,1,1.0,-0.0017861121146435454,0.8590150754274467
2025-12-04 11:35:00+05:30,26061.30078125,26063.30078125,26033.150390625,26036.19921875,26031.774457283187,25999.89030465449,26055.927070076526,26061.08469083616,-0.0009496967970066,-1,-1,-1.0,0.00153289250120829,0.7643429963586736
2025-12-04 14:15:00+05:30,26004.05078125,26011.19921875,25998.650390625,26001.150390625,26010.395818451096,26001.48952935461,25997.0136091328,25996.58976303193,-0.0001211488303992,-1,1,1.0,0.0013461576257935354,0.6730091169658257
2025-12-04 15:35:00+05:30,26030.44921875,26032.05078125,26004.900390625,26010.349609375,26016.33737442161,26004.58820862505,26017.99309882222,26020.11206325736,0.0,-1,-1,-1.0,0.00035380045158759125,0.18763738197393925
2025-12-05 09:15:00+05:30,26001.150390625,26050.599609375,25991.849609375,26050.599609375,26011.92928227521,26010.058568790337,26023.766276041675,26015.38085937501,0.0015474609378374,-1,1,1.0,-0.0015474609378373198,0.7422884181762602
2025-12-05 13:55:00+05:30,26172.25,26183.80078125,26159.25,26163.55078125,26141.11316533516,26064.495014744967,26176.26720915692,26178.79409550098,-0.0003667731714267,-1,-1,-1.0,0.0043358376992732066,2.1352912892055054
2025-12-05 15:00:00+05:30,26155.75,26186.900390625,26155.75,26186.900390625,26148.38192003985,26076.03947299882,26162.933629452167,26162.519273754253,0.0012388074948861,0,1,1.0,-0.0008924480308587702,0.4219151096881627
2025-12-08 09:15:00+05:30,26158.849609375,26169.19921875,26128.30078125,26159.69921875,26175.985638786693,26176.446463414955,26171.000000000007,26174.53149414061,-0.0006475684100923,-1,-1,-1.0,-0.0010387320175066657,0.4934640582384998
2025-12-08 15:25:00+05:30,25944.05078125,25947.19921875,25918.19921875,25932.80078125,25984.86082447654,26088.361350770807,25946.35462148137,25946.901310304464,-0.0004740327965654,-1,-1,-1.0,-0.0014631816831552863,0.7010665989239592
2025-12-09 10:25:00+05:30,25839.80078125,25845.0,25820.55078125,25822.0,25866.59495729925,25928.13443367301,25811.73382720186,25810.62810250599,-0.000698558273078,1,1,1.0,0.004272611438488027,2.104366698048185
2025-12-09 10:30:00+05:30,25822.349609375,25827.349609375,25796.849609375,25797.75,25863.895155052225,25926.83707612403,25807.07255146791,25809.018339692742,-0.0009391216791883,1,-1,-1.0,-0.0009391216791882891,0.4447436539431351
2025-12-09 10:40:00+05:30,25812.849609375,25820.349609375,25806.349609375,25811.849609375,25859.88193156445,25924.557209115967,25809.660066277407,25809.64923419835,1.1577302252430144e-05,1,1,1.0,-0.0005465441511372116,0.2527300918288219
2025-12-09 10:45:00+05:30,25812.75,25813.849609375,25796.5,25800.55078125,25857.555219787413,25923.32331431133,25806.62363793494,25808.51192757981,-0.000437738027146,1,-1,-1.0,-0.00043773802714611377,0.19951193756741933
2025-12-09 10:55:00+05:30,25797.55078125,25830.099609375,25794.94921875,25829.19921875,25854.187976339712,25921.14920286734,25812.16562727664,25809.91519894782,0.0012210391218572,1,1,1.0,-0.0011103808497305275,0.5285082126121157
2025-12-09 14:15:00+05:30,25884.650390625,25886.099609375,25851.25,25859.0,25875.430691258047,25906.72805644146,25878.868131555893,25884.024416800374,-0.0010237391589885,-1,-1,-1.0,0.0011537632660468598,0.5789071276618037
2025-12-10 09:15:00+05:30,25863.900390625,25893.150390625,25833.80078125,25880.55078125,25840.58395453248,25846.155617907632,25852.81640625,25844.149414062515,0.0016100330608572,1,1,1.0,-0.000833395771298194,0.3930320639228688
2025-12-10 10:50:00+05:30,25890.44921875,25891.69921875,25856.650390625,25859.400390625,25874.456328710698,25856.05010256593,25893.9643891047,25899.766708630053,-0.0012185272876034,-1,-1,-1.0,-0.0008172310861453182,0.38512575611134214
2025-12-10 13:20:00+05:30,25827.400390625,25832.0,25820.19921875,25829.69921875,25835.417054936912,25847.659598936167,25814.540148098527,25811.2367777014,0.0001064779264754,1,1,1.0,0.0011485638269388406,0.5763640304318539
2025-12-10 13:55:00+05:30,25817.150390625,25817.150390625,25793.80078125,25795.19921875,25831.9633265638,25845.9264889129,25812.578944067383,25815.898745207764,-0.000805732152541,1,-1,-1.0,-0.0013356717671321606,0.6387002344964167
2025-12-11 09:15:00+05:30,25777.44921875,25794.650390625,25727.900390625,25757.099609375,25743.22670318469,25753.218494232213,25747.46679687501,25744.456542968765,0.0005612949144997,1,1,1.0,0.0014770038816876506,0.7370073183103537
2025-12-11 09:40:00+05:30,25719.55078125,25726.69921875,25693.30078125,25712.25,25745.79243134005,25753.48122634522,25742.827321244866,25748.84273619952,-0.000357647762059,1,-1,-1.0,-0.001741252317037892,0.8370737035492583
2025-12-11 10:05:00+05:30,25738.44921875,25774.099609375,25733.400390625,25771.55078125,25744.501162862503,25752.734924182703,25745.460494078547,25744.6947492397,0.0012646482477951,1,1,1.0,-0.0023063240770449882,1.1134559051179886
2025-12-11 11:05:00+05:30,25765.599609375,25788.0,25764.5,25777.349609375,25768.793402161056,25759.13474584649,25790.66640199373,25792.09399411157,0.0004676377825858,1,-1,-1.0,0.00022500889349735665,0.1246441537014822
2025-12-11 11:10:00+05:30,25778.25,25803.099609375,25778.099609375,25797.44921875,25769.917159674347,25759.515984382848,25792.927340912487,25792.76339719137,0.0007797391772073,1,1,1.0,-0.0007797391772073396,0.3667880916469868
2025-12-11 13:05:00+05:30,25867.44921875,25873.849609375,25848.94921875,25850.400390625,25829.07559437942,25781.030811382403,25870.995717375816,25871.66079081136,-0.0006533496002508,0,-1,-1.0,0.002052573935740679,1.01852433960728
2025-12-11 13:35:00+05:30,25879.5,25887.849609375,25875.05078125,25883.0,25837.371039957976,25786.065277611004,25873.284555220584,25870.4286566721,0.0001603777095058,0,1,1.0,-0.0012610872126693517,0.6022201892625243
2025-12-11 14:10:00+05:30,25873.150390625,25881.900390625,25860.599609375,25866.19921875,25847.514978565825,25792.36714365614,25873.889218081047,25874.8127721709,-0.0002396828968852,-1,-1,-1.0,-0.0006491048661283468,0.3028935546133665
2025-12-11 14:15:00+05:30,25863.25,25880.400390625,25863.25,25879.44921875,25848.767301710304,25793.233631965537,25875.74255163737,25875.39232799329,0.0005122515251638,0,1,1.0,-0.0005122515251639786,0.23595722838943123
2025-12-11 14:45:00+05:30,25881.099609375,25885.55078125,25855.30078125,25855.30078125,25857.72402807393,25798.953154648727,25880.30503561186,25882.53904535617,-0.0009756361142937,0,-1,-1.0,-0.0009331124977151423,0.4418045036922829
2025-12-11 15:00:00+05:30,25874.75,25899.75,25874.75,25899.599609375,25860.33371287694,25801.36249339284,25883.45691738037,25882.30179210384,0.0009797234460902,-1,1,1.0,-0.0017133364063250448,0.8234197547808471
2025-12-12 10:25:00+05:30,25959.19921875,25966.5,25939.05078125,25960.650390625,25943.73290392995,25903.233109772034,25976.875027730093,25979.6266097767,6.741425767908815e-05,0,-1,-1.0,0.0023572094615663926,1.1675245963228187
2025-12-12 11:05:00+05:30,25980.94921875,25986.94921875,25973.849609375,25985.94921875,25950.66907038916,25908.2803616878,25973.80089485771,25973.22658883974,0.0001962833953343,0,1,1.0,-0.0009745067147522621,0.4620508257466524
2025-12-12 13:30:00+05:30,26015.099609375,26018.05078125,26008.94921875,26015.44921875,25997.81698031761,25935.970564949817,26019.57376204908,26019.901563709773,1.876893081176334e-06,-1,-1,-1.0,0.0011352288789479531,0.5698417751284218
2025-12-12 13:40:00+05:30,26020.05078125,26027.69921875,26020.05078125,26021.80078125,25999.59332926954,25937.65239119429,26020.41082132737,26020.149732371545,6.92075807071646e-05,-1,1,1.0,-0.0002441457937778859,0.10482405639592643
2025-12-12 14:40:00+05:30,26022.94921875,26030.0,26021.349609375,26028.099609375,26013.170004591146,25948.69325356198,26031.334974610047,26031.66118276096,0.0002171352349467,-1,-1,-1.0,0.0002420596552079754,0.13298385034451643
2025-12-12 15:00:00+05:30,26026.94921875,26050.19921875,26026.94921875,26041.80078125,26015.481171143954,25951.824000409964,26031.8886504631,26030.819335890883,0.0005110083658297,-1,1,1.0,-0.000526399240844499,0.24287701642998302
2025-12-12 15:55:00+05:30,26050.55078125,26053.400390625,26037.150390625,26037.150390625,26024.708410443003,25961.20878970234,26037.702752257705,26037.87054298281,0.0,0,-1,-1.0,-0.00017857408034348623,0.07275228108829879
2025-12-15 10:25:00+05:30,25967.75,25978.099609375,25954.55078125,25976.05078125,25996.54281017404,26024.29980890275,25966.108686832664,25964.897814791468,0.0003023529831183,0,1,1.0,0.0023466319646484692,1.1623510376844868
2025-12-15 10:35:00+05:30,25975.5,25977.5,25953.05078125,25956.25,25994.16418644621,26023.14047614884,25964.875996231185,25964.96000297511,-0.0007352974902061,0,-1,-1.0,-0.0007622706552565171,0.35824406432759043
2025-12-15 10:40:00+05:30,25956.849609375,25969.349609375,25946.94921875,25968.150390625,25993.14403759048,26022.59331111875,25965.96746102913,25965.358801431343,0.0004584788104984,-1,1,1.0,-0.00045847881049843487,0.20965646038891478
2025-12-15 11:35:00+05:30,25967.599609375,25976.19921875,25961.55078125,25970.05078125,25988.77267213397,26018.305037974696,25975.330049231896,25975.99902489045,8.66457663839526e-05,0,-1,-1.0,7.318159346789972e-05,0.05038391560384566
2025-12-15 11:45:00+05:30,25971.19921875,25996.099609375,25969.849609375,25995.849609375,25988.38056361012,26017.615587530134,25981.20766945029,25977.933579603625,0.0009568214306341,0,1,1.0,-0.000993406918696762,0.47129510292697596
2025-12-15 14:05:00+05:30,26032.150390625,26035.55078125,26005.5,26005.900390625,26012.37350678321,26018.944111141675,26021.59992973414,26024.056028742714,-0.0010083684830529,0,-1,-1.0,0.0003866302275566074,0.20369475096935843
2025-12-15 14:40:00+05:30,26014.80078125,26035.650390625,26012.44921875,26035.650390625,26013.588515743668,26018.813390974043,26021.77771525908,26020.65050480084,0.0008611146483041,-1,1,1.0,-0.0011439711585884845,0.5449375657856298
2025-12-15 15:25:00+05:30,26023.19921875,26031.55078125,26013.349609375,26014.0,26017.626318353825,26019.545676493744,26022.24786869825,26024.185786487265,-0.000374657764542,0,-1,-1.0,-0.0008315671127922329,0.39213764891301484
2025-12-16 12:25:00+05:30,25893.44921875,25908.5,25891.150390625,25906.150390625,25922.32721642541,25978.22220689664,25894.77433603981,25892.64861597232,0.0004905168008981,0,1,1.0,0.0041458295292919195,2.0423564089792943
2025-12-16 12:45:00+05:30,25893.69921875,25894.0,25876.150390625,25879.5,25917.85347844488,25974.85530167521,25889.977463368978,25892.04960079105,-0.000573469100364,0,-1,-1.0,-0.0010287283221610698,0.48857115163951503
2025-12-16 13:30:00+05:30,25885.599609375,25897.099609375,25884.69921875,25895.849609375,25908.75230342296,25967.353066911062,25889.31113095269,25889.23338172066,0.0004075219451435,-1,1,1.0,-0.0006317590902065342,0.29440956359401654
2025-12-16 14:10:00+05:30,25887.349609375,25888.94921875,25875.900390625,25883.25,25906.77939792044,25962.34815578175,25892.915938094266,25895.814674641057,-0.0001428989843005,-1,-1,-1.0,-0.0004865493723920377,0.22338605058349084
2025-12-17 09:15:00+05:30,25902.400390625,25902.400390625,25857.80078125,25873.05078125,25852.207461979,25863.006823521944,25858.583333333343,25854.06225585939,0.0008394599200007,0,1,1.0,0.00039404706711869647,0.20732240075108968
2025-12-17 10:00:00+05:30,25868.25,25871.05078125,25844.900390625,25846.099609375,25861.977272348096,25865.020699386776,25865.496452793715,25871.349772021946,-0.0008639717513023,-1,-1,-1.0,-0.0010416696547641496,0.4949008857533336
2025-12-17 11:45:00+05:30,25827.94921875,25846.849609375,25824.44921875,25844.650390625,25842.27796044798,25857.895405760173,25830.802783351064,25830.35406535428,0.0006466317450739,1,1,1.0,5.607108120384763e-05,0.04201499437258807
2025-12-17 11:55:00+05:30,25829.69921875,25833.400390625,25816.25,25817.349609375,25840.82459879781,25857.21371654034,25826.062304753254,25828.65154393335,-0.0004762271677694,1,-1,-1.0,-0.0010563416737068034,0.5020771157188477
2025-12-17 13:20:00+05:30,25803.599609375,25810.19921875,25799.650390625,25809.44921875,25818.25498152751,25847.47391295392,25800.34866203399,25799.435008332974,0.0002170067435582,1,1,1.0,0.00030601090911869385,0.16426304282920773
2025-12-17 13:35:00+05:30,25800.05078125,25800.69921875,25788.94921875,25791.150390625,25816.227852255488,25846.086581529165,25798.67571757026,25799.524320310225,-0.0003139474742482,1,-1,-1.0,-0.0007089972346913277,0.33218750602299735
2025-12-17 14:15:00+05:30,25798.5,25827.80078125,25797.25,25827.400390625,25811.228719665163,25842.34082574574,25805.71017621093,25799.81757365602,0.0011182647281089,1,1,1.0,-0.0014055208647527704,0.6728641208278285
2025-12-17 14:35:00+05:30,25811.099609375,25819.650390625,25773.05078125,25775.849609375,25808.62775430237,25840.43817396836,25793.93216540124,25797.01546101868,-0.001342492033281,1,-1,-1.0,-0.001995972512537973,0.9616598771981514
2025-12-17 14:45:00+05:30,25793.25,25813.69921875,25790.900390625,25806.900390625,25807.956109051323,25839.633195437826,25797.95878358111,25797.76809344594,0.0005544528844159,1,1,1.0,-0.0012046462762843884,0.5746143675586032
2025-12-18 09:15:00+05:30,25785.69921875,25792.69921875,25774.19921875,25777.75,25820.887333024697,25824.009336797822,25807.68359375,25817.03784179686,-0.0017387986881974,1,-1,-1.0,-0.0011295579935508104,0.5378879438320645
2025-12-18 10:15:00+05:30,25792.30078125,25824.19921875,25785.650390625,25823.400390625,25802.1935508721,25818.063808072835,25787.80434966925,25783.037587199025,0.0012504289072627,1,1,1.0,-0.0017709222342912007,0.8515855543108828
2025-12-18 13:20:00+05:30,25868.80078125,25872.44921875,25861.05078125,25870.80078125,25853.13697615744,25832.065547075745,25875.282317742844,25875.725098844672,0.0001121231557723,-1,-1,-1.0,0.0018355596051637091,0.9123804784168463
2025-12-18 15:15:00+05:30,25821.25,25821.25,25810.30078125,25818.44921875,25830.15289083193,25829.15782844774,25813.6639087916,25813.10506214723,-7.556706501377075e-05,1,1,1.0,0.0020235771958764443,1.0043417465824713
2025-12-19 11:25:00+05:30,25947.400390625,25949.69921875,25930.30078125,25931.55078125,25906.72536332708,25849.46590338604,25945.172586798588,25948.450352846423,-0.0005838290786926,0,-1,-1.0,0.004380648951520405,2.1572089170674547
2025-12-19 12:10:00+05:30,25951.400390625,25953.19921875,25939.75,25943.94921875,25913.716116541265,25856.33867713013,25937.54825275477,25936.73453137519,-0.0002736522139261,-1,1,1.0,-0.0004781217137605508,0.21926399917074493
2025-12-19 12:20:00+05:30,25937.44921875,25944.55078125,25930.5,25932.30078125,25915.356137556453,25857.898003083137,25935.87734844657,25936.30782846499,-0.0002158852216512,-1,-1,-1.0,-0.0004489847479188533,0.20501282022975498
2025-12-19 12:30:00+05:30,25936.400390625,25953.150390625,25933.599609375,25951.55078125,25917.54201822301,25859.59631007204,25941.0622416707,25938.14663087554,0.0006111870116283,-1,1,1.0,-0.0007423174735779115,0.3484847652952611
2025-12-19 13:10:00+05:30,25940.80078125,25945.349609375,25920.80078125,25930.19921875,25925.873099785767,25866.428918090594,25941.82737606104,25943.530871483243,-0.0004047693514911,-1,-1,-1.0,-0.0008227470751160854,0.3878236810183493
2025-12-19 13:15:00+05:30,25930.30078125,25956.650390625,25926.80078125,25954.650390625,25927.00162099515,25867.30674368795,25946.101714249027,25944.920811375963,0.0009429612039895,0,1,1.0,-0.0009429612039894965,0.44662160359951525
2025-12-19 14:55:00+05:30,25964.69921875,25970.30078125,25958.75,25958.75,25951.267514950738,25886.08493969512,25967.565781004683,25969.021789231745,-0.0002291271968867,0,-1,-1.0,0.00015795278739261337,0.09184634721824439
2025-12-19 15:15:00+05:30,25968.5,25972.25,25964.19921875,25970.349609375,25953.929971598416,25889.344665056506,25969.35778062285,25969.191220171004,1.9253095705940027e-05,0,1,1.0,-0.00044684776327827804,0.2039675998498278
2025-12-19 15:25:00+05:30,25970.150390625,25973.19921875,25955.599609375,25961.400390625,25954.83407917447,25890.85767415169,25966.881452846268,25968.32227574616,-0.0003369252726067,0,-1,-1.0,-0.00034459369568014725,0.15395412134618733
2025-12-22 09:15:00+05:30,26055.849609375,26103.44921875,26052.0,26093.900390625,25966.596469056323,25962.692647050462,26005.567057291675,25977.96289062501,0.0051037308468093,0,1,1.0,-0.005103730846809307,2.481695297759065
2025-12-22 12:40:00+05:30,26140.5,26142.099609375,26121.849609375,26121.849609375,26101.52794629833,26019.717002425645,26134.4846953039,26136.098291062288,-0.00070771815513,-1,-1,-1.0,0.0010711016111658639,0.5384764925137345
2025-12-22 12:50:00+05:30,26122.5,26149.849609375,26119.80078125,26147.80078125,26104.117662617664,26022.000063653173,26136.17114930174,26136.02999652621,0.0009838861446564,-1,1,1.0,-0.0009934660930628074,0.47132404569623393
2025-12-22 14:05:00+05:30,26148.5,26150.849609375,26130.599609375,26131.0,26122.151289789723,26039.007909396147,26141.34021267221,26142.68665422742,-0.0006596999799222,0,-1,-1.0,-0.0006425313314321816,0.2996783736045123
2025-12-22 14:25:00+05:30,26149.900390625,26158.75,26147.349609375,26157.44921875,26125.713421314416,26043.204013516675,26147.53040659266,26144.447597637947,0.0003154972330503,0,1,1.0,-0.0010121778251884735,0.48047613944091333
2025-12-23 09:20:00+05:30,26166.69921875,26171.44921875,26149.25,26151.150390625,26162.394770614104,26150.356453355336,26159.49457465279,26161.60083007811,-0.0005484171666889,-1,-1,-1.0,-0.0002408043717231005,0.10318973373244683
2025-12-23 10:00:00+05:30,26174.0,26187.44921875,26172.94921875,26180.94921875,26159.31309020553,26150.35689736135,26162.15173196996,26156.49828178325,0.0003113322707839,-1,1,1.0,-0.0011394844081384146,0.5427430516459315
2025-12-23 11:40:00+05:30,26171.349609375,26175.05078125,26166.80078125,26169.099609375,26171.001285254064,26155.74456156744,26178.22955137057,26179.54818184964,-8.022595210299688e-05,-1,-1,-1.0,-0.00045260426869907645,0.20678316373771807
2025-12-23 12:00:00+05:30,26177.94921875,26187.849609375,26177.55078125,26187.099609375,26171.835401193228,26156.552441153937,26179.57830547907,26178.7169358854,0.0003342456698212,-1,1,1.0,-0.0006878341352467303,0.3218364242127112
2025-12-23 12:30:00+05:30,26176.349609375,26178.150390625,26167.75,26168.349609375,26173.894092851704,26158.025107123183,26177.31750716397,26179.613040003704,-0.0002502695770466,-1,-1,-1.0,-0.0007160014006777401,0.3356133130664305
2025-12-23 12:50:00+05:30,26186.55078125,26193.349609375,26183.900390625,26186.650390625,26174.862570806286,26158.89591174398,26181.714410172823,26180.223303047675,-5.74299343614193e-06,-1,1,1.0,-0.0006993479345538708,0.32746793763480836
2025-12-23 14:40:00+05:30,26209.650390625,26209.75,26166.849609375,26166.849609375,26187.023275661057,26165.94531037488,26193.98892059265,26196.732977374675,-0.001627287457792,-1,-1,-1.0,-0.0007561402834892093,0.3552456387020344
2025-12-24 09:15:00+05:30,26183.75,26201.55078125,26142.0,26198.25,26165.876028606275,26165.16465026802,26175.783854166675,26168.763183593765,0.0012879723803302,0,1,1.0,-0.0012000065385689357,0.5723450258302496
2025-12-24 10:55:00+05:30,26207.30078125,26215.599609375,26201.05078125,26210.80078125,26194.46635692303,26174.6916221834,26213.24309318512,26213.896448498464,0.0001736525160982,0,-1,-1.0,0.0004790694512038018,0.24890769196395884
2025-12-24 11:30:00+05:30,26214.349609375,26217.44921875,26208.94921875,26215.0,26198.2971421037,26177.07188244474,26212.668159289075,26212.077655017853,7.436062159515977e-05,-1,1,1.0,-0.00016020947948312697,0.0637699726879403
2025-12-24 11:35:00+05:30,26215.5,26216.25,26206.599609375,26207.69921875,26198.66585099179,26177.37663205972,26211.01184577605,26211.53035048437,-0.0002784963284379,0,-1,-1.0,-0.0002784963284379172,0.12162524354830372
2025-12-24 12:30:00+05:30,26201.900390625,26208.099609375,26198.400390625,26205.349609375,26196.87653869016,26179.01421485985,26199.3756506359,26199.04668135724,0.0001278379274483,-1,1,1.0,8.965340129205233e-05,0.058440440159592655
2025-12-24 12:35:00+05:30,26204.650390625,26209.099609375,26194.80078125,26195.75,26196.832360702312,26179.18074008512,26198.16710042393,26198.634596187585,-0.0003663225073542,0,-1,-1.0,-0.00036632250735421315,0.1645818986180072
2025-12-26 13:40:00+05:30,26047.44921875,26050.900390625,26042.599609375,26048.69921875,26067.572065839995,26110.57050589898,26047.253384094955,26047.206133306903,3.839110670011969e-05,-1,1,1.0,0.0056135358311939915,2.760226116307971
2025-12-26 13:50:00+05:30,26048.5,26052.5,26041.400390625,26044.5,26065.96377099696,26109.30556074291,26046.70159084776,26047.05317603771,-0.0001689280760036,-1,-1,-1.0,-0.00016120646619380437,0.06425760877513094
2025-12-26 13:55:00+05:30,26042.900390625,26052.599609375,26042.150390625,26049.19921875,26065.30633757551,26108.70748768825,26047.534133481844,26047.321431376746,0.0001804303691759,0,1,1.0,-0.00018043036917583368,0.07366021036479492
2025-12-26 14:05:00+05:30,26048.94921875,26051.849609375,26038.44921875,26040.75,26063.766634570857,26107.45295215322,26045.820725991933,26046.792970897823,-0.0003550863723608,0,-1,-1.0,-0.00032435617997494227,0.14405575172174162
2025-12-26 15:05:00+05:30,26038.150390625,26047.650390625,26036.599609375,26046.0,26050.08787511696,26098.420038540327,26035.391619484944,26032.88876842826,0.0002630504172465,0,1,1.0,-0.00020160709656979925,0.08401795774026373
2025-12-29 10:00:00+05:30,26036.650390625,26042.69921875,26028.30078125,26031.5,26051.6322202074,26048.860237356268,26049.748863496847,26055.097635001013,-0.0002208374540322,-1,-1,-1.0,-0.000556707363894648,0.257701019975853
2025-12-29 14:30:00+05:30,25955.099609375,25958.0,25948.25,25956.05078125,25972.02419381822,26016.288844502506,25951.78464988236,25951.292300469504,4.627928472245024e-05,-1,1,1.0,0.0028983815281485893,1.4322172208270212
2025-12-29 14:35:00+05:30,25956.900390625,25957.05078125,25943.900390625,25948.0,25971.08206857045,26015.60935351243,25950.52309992157,25950.880762910816,-0.0003101697295112,0,-1,-1.0,-0.0003101697295112276,0.13711701811460125
2025-12-29 15:20:00+05:30,25938.75,25953.0,25938.30078125,25950.900390625,25961.81014800965,26009.109802948107,25944.41257788545,25944.29150182982,0.0003758507179976,-1,1,1.0,-0.00011177703965623555,0.04008118606987747
2025-12-30 09:15:00+05:30,25951.0,25951.0,25894.599609375,25908.05078125,25948.1657348076,25956.293796026395,25935.884114583336,25944.582031249985,-0.0016088755498333,0,-1,-1.0,-0.0016511800642755275,0.7930184714873961
2025-12-30 10:00:00+05:30,25935.55078125,25938.349609375,25923.400390625,25932.349609375,25939.088399833017,25952.90290198868,25928.74013666749,25928.58464736188,-0.0001291505328908,-1,1,1.0,-0.0009378871583262985,0.4441398375469393
2025-12-30 10:05:00+05:30,25932.150390625,25932.599609375,25922.099609375,25925.80078125,25938.56731675133,25952.633229145504,25927.760351528326,25928.236664097887,-0.0002525350854684,0,-1,-1.0,-0.0002525350854684021,0.1089273421573632
2025-12-30 10:10:00+05:30,25925.44921875,25949.25,25924.0,25943.25,25938.75095138853,25952.53986368137,25932.92356768556,25930.113331085653,0.0006730445434348,-1,1,1.0,-0.0006730445434348776,0.31460268819091575
2025-12-30 10:55:00+05:30,25930.900390625,25932.849609375,25923.849609375,25927.44921875,25942.36511004668,25952.467353702712,25939.084131107687,25942.28173428512,-0.0001504121722839,0,-1,-1.0,-0.0006090517282915594,0.2833031676952021
2025-12-30 13:30:00+05:30,25898.55078125,25914.099609375,25898.19921875,25914.099609375,25912.051357589466,25938.825189671817,25901.316883305844,25898.66604007445,0.0005907156958431,-1,1,1.0,0.0005148832521999865,0.2664245771923865
2025-12-31 10:00:00+05:30,25984.69921875,25993.55078125,25977.599609375,25977.599609375,25978.086779747227,25969.462753569496,25983.83370626912,25985.09810659136,-0.0002886269482412,-1,-1,-1.0,0.0024504034852527723,1.2131067175018466
2025-12-31 10:05:00+05:30,25977.5,25995.099609375,25971.75,25993.30078125,25978.683407257144,25969.69994787478,25986.98939792941,25986.123440923693,0.0006044119591916,0,1,1.0,-0.0006044119591917045,0.2810338106164262
2025-12-31 15:00:00+05:30,26174.55078125,26174.55078125,26132.0,26134.25,26122.152012999668,26034.324812271065,26161.940514905808,26162.17410976706,-0.0015911731785133,-1,-1,-1.0,0.00542252097708469,2.666798856891582
2026-01-01 09:15:00+05:30,26175.05078125,26195.150390625,26165.44921875,26167.80078125,26142.863833523323,26130.01004565209,26150.5,26145.09350585939,0.0009927060350654,0,1,1.0,-0.0012837858844236968,0.6133223347175955
2026-01-01 10:10:00+05:30,26166.150390625,26166.25,26147.349609375,26151.150390625,26153.28975606364,26134.45384676038,26164.14961690318,26164.456260482544,-0.0005617711241729,-1,-1,-1.0,-0.0006362930826395811,0.29662718425608203
2026-01-01 10:45:00+05:30,26161.099609375,26182.900390625,26160.94921875,26182.25,26154.429811999304,26135.983880982432,26166.835443899115,26162.10933918301,0.000798903379874,0,1,1.0,-0.0011892252887715788,0.5670718096379938
2026-01-01 11:30:00+05:30,26165.75,26173.849609375,26157.349609375,26160.849609375,26158.60176965609,26138.780188322195,26165.71409393631,26165.875756717865,-0.0001892230211638,-1,-1,-1.0,-0.0008173625500100259,0.3851900563912822
2026-01-01 12:50:00+05:30,26156.80078125,26158.25,26147.099609375,26150.25,26151.68085698419,26139.53960801589,26147.63056532129,26147.11938393154,-0.0002351390303385,-1,1,1.0,0.00040517068571051013,0.21276307291594482
2026-01-01 13:20:00+05:30,26164.94921875,26166.19921875,26129.69921875,26130.55078125,26151.51245826297,26140.21138527216,26147.73313283514,26148.83718754264,-0.0013337603038358,-1,-1,-1.0,-0.0007533090027820002,0.35386083123066525
2026-01-01 13:25:00+05:30,26130.5,26157.349609375,26130.349609375,26154.44921875,26151.62762534089,26140.353055257016,26149.971828140093,26149.53869144356,0.000914578406711,0,1,1.0,-0.0009145784067111339,0.4327392959818521
2026-01-01 13:30:00+05:30,26155.349609375,26161.349609375,26145.19921875,26146.599609375,26151.430448244195,26140.41521002436,26148.8477552184,26149.171306184988,-0.0003001252027655,-1,-1,-1.0,-0.0003001252027656026,0.13220414047294213
2026-01-01 13:50:00+05:30,26146.30078125,26161.900390625,26145.849609375,26158.400390625,26151.176479943304,26140.77425178591,26151.008434865675,26149.5828260178,0.0004417656973043,-1,1,1.0,-0.00045133139399774065,0.2061605880983481
2026-01-01 14:50:00+05:30,26154.0,26164.0,26150.900390625,26155.400390625,26154.94271523737,26143.100342972222,26157.77012481673,26157.986551475096,3.823448387518802e-05,-1,-1,-1.0,-0.00011468591179891796,0.04150394428180159
2026-01-01 14:55:00+05:30,26156.05078125,26165.80078125,26155.94921875,26160.400390625,26155.156741723164,26143.272482749868,26158.646880086155,26158.28828136884,0.0001911651102766,0,1,1.0,-0.00019116511027650614,0.0789106786922812
2026-01-01 15:05:00+05:30,26162.94921875,26168.599609375,26151.05078125,26151.69921875,26155.27148548724,26143.53885760879,26157.031859899405,26157.84882821598,-0.0003861187761676,0,-1,-1.0,-0.0003326085130607636,0.14809204967141998
2026-01-02 09:15:00+05:30,26150.25,26181.650390625,26125.099609375,26181.650390625,26141.87601935027,26141.03796298375,26154.050130208347,26145.42504882814,0.0015837794445348,0,1,1.0,-0.0011452858808320145,0.5455806094728841
2026-01-02 14:30:00+05:30,26307.0,26307.0,26278.19921875,26285.650390625,26279.742675160265,26206.50480261301,26299.87167026414,26301.3886448408,-0.0008229803127666,-1,-1,-1.0,0.003972247679131787,1.9574558046754649
2026-01-02 15:00:00+05:30,26297.05078125,26315.30078125,26297.05078125,26313.099609375,26281.070788131947,26211.09109892729,26295.150730589896,26294.13490657181,0.0007168719159131,-1,1,1.0,-0.00104426629518705,0.4961709283347476
2026-01-05 09:20:00+05:30,26340.94921875,26340.94921875,26293.900390625,26297.55078125,26334.37466509273,26335.32083199323,26323.99435763889,26331.428405761704,-0.0016210635339451,-1,-1,-1.0,-0.0005909158691232318,0.27443273912482036
2026-01-05 10:05:00+05:30,26292.0,26336.400390625,26285.099609375,26335.349609375,26323.70252207665,26332.113800596475,26311.489102259977,26311.107347092937,0.0016487756494369,0,1,1.0,-0.0014373516545103638,0.6884328757604137
2026-01-05 11:20:00+05:30,26343.75,26346.80078125,26320.400390625,26320.75,26336.137892080365,26334.859709623568,26341.69075481568,26343.93881945026,-0.0008863316538133,-1,-1,-1.0,-0.0005543730989545228,0.2565593078450107
2026-01-05 12:30:00+05:30,26333.099609375,26341.69921875,26331.900390625,26333.94921875,26333.757276277443,26334.25831877212,26333.518856968483,26333.483656895667,2.0841521294556745e-05,-1,1,1.0,-0.0005014757843146567,0.23068670667829086
2026-01-05 13:00:00+05:30,26333.150390625,26334.900390625,26328.650390625,26329.55078125,26333.948480148763,26334.284509118486,26333.65233277913,26334.01797600136,-0.0001461873255217,-1,-1,-1.0,-0.00016702536575365895,0.06710369025518885
2026-01-05 14:50:00+05:30,26261.150390625,26282.849609375,26257.5,26273.5,26290.22149914769,26320.218969244328,26257.11433206077,26256.82984457541,0.0004988350969574,-1,1,1.0,0.0021288164661706003,1.0558153173286369
2026-01-05 15:10:00+05:30,26256.30078125,26257.900390625,26243.30078125,26249.25,26286.19532404061,26317.990737202424,26258.20217516016,26258.874175498346,-0.0002380453619241,-1,-1,-1.0,-0.0009229832340571298,0.43685018038644924
2026-01-06 09:55:00+05:30,26227.650390625,26259.0,26227.650390625,26256.80078125,26234.7776351601,26249.43145488414,26230.09189540943,26225.17684603677,0.0010790087595553,0,1,1.0,-0.0002876570282960466,0.1261058326944829
2026-01-06 10:25:00+05:30,26219.94921875,26230.80078125,26219.94921875,26224.099609375,26235.173931734666,26248.724311958584,26229.878349592705,26230.40329163375,0.0001239471660308,0,-1,-1.0,-0.001245436264205955,0.5945651551604875
2026-01-06 13:00:00+05:30,26178.75,26186.80078125,26171.80078125,26177.19921875,26193.776352077806,26230.60866386088,26171.63887509689,26171.40942604546,-6.498255654807661e-05,-1,1,1.0,0.0017884461744582954,0.8893368322405544
2026-01-06 13:20:00+05:30,26167.05078125,26169.5,26160.30078125,26163.19921875,26190.603875322213,26228.33466436284,26169.58771375372,26171.418070960422,-0.0001223390236032,-1,-1,-1.0,-0.0005348165738820595,0.24699401749234187
2026-01-06 14:45:00+05:30,26149.80078125,26165.5,26147.650390625,26165.150390625,26170.708862513748,26216.222648711748,26152.180790362258,26151.6761313868,0.0005908737896274,0,1,1.0,-7.457696051183534e-05,0.021886258451602515
2026-01-07 09:15:00+05:30,26149.900390625,26157.94921875,26106.349609375,26125.650390625,26172.728275683286,26178.674444825094,26158.31705729168,26168.525390624985,-0.0018720402858771,0,-1,-1.0,-0.0015096416191115374,0.7237906143378062
2026-01-07 10:10:00+05:30,26163.599609375,26168.150390625,26155.900390625,26167.25,26160.11632451843,26174.28063586214,26150.951714499774,26146.894336514943,0.0001662510390689,-1,1,1.0,-0.001592289904864061,0.7642147105125596
2026-01-07 10:25:00+05:30,26152.25,26155.44921875,26129.75,26134.0,26158.75424959683,26173.51369550044,26146.726433925865,26147.016616063724,-0.0006691776762327,0,-1,-1.0,-0.0012706723098529652,0.6069083553492954
2026-01-07 10:50:00+05:30,26142.150390625,26167.94921875,26139.19921875,26165.849609375,26156.076690958475,26172.05173560565,26149.1652431636,26146.231602089745,0.0009372125145066,-1,1,1.0,-0.001218703963227979,0.5814901216511184
2026-01-07 11:20:00+05:30,26153.05078125,26155.5,26131.80078125,26138.849609375,26156.660345513865,26171.313398076192,26151.717254179493,26152.177255326354,-0.0005353145148275,-1,-1,-1.0,-0.0010318793543140341,0.49011235271394
2026-01-07 14:05:00+05:30,26099.44921875,26103.0,26093.25,26099.900390625,26113.77119091785,26151.957817091225,26093.09070916877,26092.05877191754,2.873656761903653e-05,0,1,1.0,0.0014900892476932273,0.7434075005896955
2026-01-07 14:20:00+05:30,26092.650390625,26098.25,26084.0,26088.150390625,26111.379652631585,26150.207394247635,26091.899344962047,26092.13722339276,-0.000120744866322,-1,-1,-1.0,-0.0004501932890219214,0.2056039296682236
2026-01-07 14:25:00+05:30,26088.75,26097.75,26085.349609375,26096.19921875,26110.784341498977,26149.669999466565,26093.332636224703,26092.64497281241,0.0003085242918521,0,1,1.0,-0.0003085242918521512,0.13631221823793793
2026-01-07 14:30:00+05:30,26096.44921875,26099.849609375,26083.19921875,26087.19921875,26109.859434724505,26149.04839965844,26091.288163733137,26091.964253554608,-0.0003448778086247,-1,-1,-1.0,-0.00034487780862484915,0.15409308380495523
2026-01-07 14:35:00+05:30,26089.599609375,26100.55078125,26086.75,26099.30078125,26109.44536988237,26148.55339848025,26093.95903623876,26092.88131951653,0.0004638889134294,0,1,1.0,-0.00046388891342931453,0.21230259538375365
2026-01-08 09:15:00+05:30,26102.650390625,26132.900390625,26080.44921875,26123.25,26142.12471452409,26143.154891766462,26136.350260416668,26140.44409179686,-0.0007516530427529,0,-1,-1.0,0.0009176191711314105,0.4634067090258282
2026-01-08 14:25:00+05:30,25927.19921875,25931.19921875,25900.44921875,25905.44921875,25958.16276407933,26061.02552697098,25920.023292566417,25921.05509540229,-0.0008428012882776,0,-1,-1.0,-0.0009217504868058314,0.43624723148083167
2026-01-08 14:30:00+05:30,25906.900390625,25936.849609375,25902.099609375,25932.5,25957.15638117426,26059.746666006096,25924.182195044283,25922.485708477005,0.0010442120119815,-1,1,1.0,-0.0010442120119816731,0.49614437788067767
2026-01-08 14:55:00+05:30,25919.94921875,25923.599609375,25910.25,25911.150390625,25951.11781250869,26053.132394696768,25920.822129658613,25922.71267347425,-0.0003607032802221,0,-1,-1.0,-0.0008232761737202352,0.3880824683926467
2026-01-09 09:15:00+05:30,25871.75,25940.25,25871.75,25938.80078125,25871.65412355489,25890.03620468072,25892.200520833343,25877.63793945314,0.0027021013483174,0,1,1.0,-0.0010671232349067866,0.5073504842212163
2026-01-09 09:25:00+05:30,25862.30078125,25872.25,25839.44921875,25840.900390625,25870.097521037213,25889.274543776733,25868.46694155093,25871.37358474733,-0.0008293607918061,0,-1,-1.0,-0.0037742836089696102,1.8314494697619468
2026-01-09 09:45:00+05:30,25876.849609375,25897.650390625,25849.650390625,25887.69921875,25868.442664469992,25888.054520453978,25867.93005365513,25867.18087349554,0.0004250928569757,0,1,1.0,-0.0018110370543426757,0.8712061106119461
2026-01-09 10:10:00+05:30,25875.05078125,25878.44921875,25850.349609375,25856.599609375,25869.502257402462,25887.401538752227,25869.261099851192,25870.04933808505,-0.0006512316634919,-1,-1,-1.0,-0.0012013276696476412,0.5729912041423438
2026-01-09 10:25:00+05:30,25871.900390625,25896.849609375,25858.05078125,25887.849609375,25870.01116910436,25886.998068634453,25874.74916558091,25871.614679554536,0.0006725971581655,0,1,1.0,-0.0012085889278600067,0.5765427575430436
2026-01-09 10:30:00+05:30,25888.44921875,25890.75,25852.25,25853.099609375,25869.3479706836,25886.660770532373,25867.53264684561,25869.300295782094,-0.0013423285643399,-1,-1,-1.0,-0.001342328564339916,0.6419561400253939
2026-01-12 09:15:00+05:30,25671.94921875,25699.55078125,25611.05078125,25611.05078125,25700.065946691266,25702.816620820176,25672.81640625,25692.118164062485,-0.0036044787449277,1,-1,-1.0,-0.0030246399201985306,1.4647913074569443
2026-01-12 12:10:00+05:30,25520.44921875,25578.900390625,25511.0,25578.30078125,25575.288960098544,25655.344558082856,25529.18707592522,25521.709475424388,0.0022845133718651,1,1,1.0,0.001278744877737561,0.640036873367465
2026-01-13 10:25:00+05:30,25761.05078125,25803.599609375,25757.44921875,25799.44921875,25784.26384550183,25786.870426499005,25764.91587095657,25763.048849427712,0.0015644470999194,1,1,1.0,-0.0014206351366380504,0.6802566610933509
2026-01-13 12:15:00+05:30,25788.44921875,25790.400390625,25779.19921875,25785.75,25786.01938778228,25786.86949836163,25786.37684081916,25786.420137995345,0.0,1,-1,-1.0,-0.0005309888065379302,0.24512181852481593
2026-01-13 14:50:00+05:30,25689.900390625,25722.75,25688.5,25713.900390625,25723.701727414027,25766.74132988669,25684.442744990843,25677.35399420048,0.000904998497371,1,1,1.0,0.002786407584615534,1.3774496546127584
2026-01-14 09:15:00+05:30,25647.05078125,25718.849609375,25640.400390625,25683.25,25712.987385123262,25719.73644787955,25703.882812500007,25710.330566406235,-0.0012035847776831,1,-1,-1.0,-0.0011919774969718243,0.5684179419620543
2026-01-14 09:25:00+05:30,25704.599609375,25744.80078125,25704.150390625,25737.5,25713.65338329958,25719.76950887223,25715.370225694453,25713.16016387938,0.0012584874580932,1,1,1.0,-0.0021122716167151744,1.0185429223755682
2026-01-14 09:45:00+05:30,25704.900390625,25712.849609375,25674.400390625,25689.44921875,25713.84984842428,25719.605483689586,25709.24134087792,25713.13044613785,-0.0006691331470113,1,-1,-1.0,-0.001866956046624575,0.8985566442790012
2026-01-14 09:50:00+05:30,25689.349609375,25743.599609375,25688.25,25742.44921875,25714.971392358617,25719.83278453596,25720.31063350195,25716.795292714363,0.002063103788201,1,1,1.0,-0.0020631037882009864,0.9944944498577867
2026-01-14 10:10:00+05:30,25708.400390625,25708.400390625,25692.650390625,25696.80078125,25714.61863101479,25719.564492710422,25710.35442490471,25714.535176218644,-0.000457046377292,1,-1,-1.0,-0.0017732748392391155,0.8527362367214106
2026-01-14 10:55:00+05:30,25704.55078125,25729.0,25700.349609375,25728.80078125,25707.586169493985,25717.055745878097,25704.07664870644,25700.529094502752,0.0009784754399777,1,1,1.0,-0.001245291204629224,0.5944942050829698
2026-01-14 12:50:00+05:30,25753.400390625,25756.099609375,25741.150390625,25747.849609375,25739.151476032646,25725.7290231136,25755.71127416968,25757.464553570324,-0.0002717934721486,1,-1,-1.0,0.0007403698402796112,0.3767123035457359
2026-01-14 14:45:00+05:30,25676.400390625,25715.650390625,25676.400390625,25696.44921875,25698.47604359135,25715.78524987881,25668.01260000666,25665.782670097644,0.0007710829809883,1,1,1.0,0.0019962983862654186,0.9909994102810168
2026-01-14 15:10:00+05:30,25673.44921875,25676.400390625,25650.80078125,25652.849609375,25694.44796090772,25713.88424377515,25669.43682033268,25670.04347701082,-0.0007887633479444,1,-1,-1.0,-0.0016967172780894004,0.8152911743508805
2026-01-16 09:15:00+05:30,25696.05078125,25742.650390625,25679.19921875,25729.849609375,25671.481962358685,25669.99095783296,25689.349609375007,25676.69335937501,0.0023666587813548,1,1,1.0,-0.003001615850578247,1.453530006678711
2026-01-16 11:35:00+05:30,25810.349609375,25814.599609375,25797.150390625,25801.599609375,25761.070072268936,25701.061708345595,25809.44149734786,25811.24956784708,-0.0003603431538319,1,-1,-1.0,0.002788589948611941,1.3785170704856446
2026-01-16 12:10:00+05:30,25811.94921875,25826.599609375,25808.55078125,25823.599609375,25770.14390531235,25707.593760548403,25806.371889440976,25804.46780666987,0.0004377303759457,1,1,1.0,-0.0008526603130453318,0.4024545423355571
2026-01-16 12:25:00+05:30,25810.849609375,25812.94921875,25744.900390625,25752.099609375,25772.52211957151,25710.0822750001,25790.21008819085,25799.430955261745,-0.0022471823386118,1,-1,-1.0,-0.0027687851841554515,1.3396502187773676
2026-01-16 14:40:00+05:30,25704.94921875,25720.44921875,25701.849609375,25710.849609375,25729.55072994672,25710.51456852068,25703.070155848203,25702.979149651543,0.0002042356560352,1,1,1.0,0.001601811138730724,0.798051785428806
2026-01-16 14:50:00+05:30,25703.400390625,25709.94921875,25687.5,25697.55078125,25727.308628992047,25710.314991871022,25701.292465099206,25702.341122633603,-0.0002256059312552,1,-1,-1.0,-0.0005172457669446606,0.23839996157166296
2026-01-16 14:55:00+05:30,25696.150390625,25711.900390625,25693.75,25707.19921875,25726.52002466884,25710.2839891534,25703.261382982808,25702.94838464816,0.0003754613652535,1,1,1.0,-0.0003754613652535284,0.16905180464552627
2026-01-16 15:00:00+05:30,25706.349609375,25709.05078125,25693.55078125,25697.25,25725.372180564173,25710.15429771904,25701.257588655208,25702.236086567133,-0.0003870207199679,1,-1,-1.0,-0.0003870207199679443,0.17470559966908936
